{
  "nodes": [
    {
      "id": "Category 1",
      "group": 1
    },
    {
      "id": "Category 2",
      "group": 1
    },
    {
      "id": "Category 3",
      "group": 1
    },
    {
      "id": "Category 4",
      "group": 1
    },
    {
      "id": "Category 5",
      "group": 1
    },
    {
      "id": "Category 6",
      "group": 1
    },
    {
      "id": "Category 7",
      "group": 1
    },
    {
      "id": "Category 8",
      "group": 1
    },
    {
      "id": "Category 9",
      "group": 1
    },
    {
      "id": "Category 10",
      "group": 1
    },
    {
      "id": "Category 11",
      "group": 1
    },
    {
      "id": "Category 12",
      "group": 1
    },
    {
      "id": "Category 13",
      "group": 1
    },
    {
      "id": "Category 14",
      "group": 1
    },
    {
      "id": "Category 15",
      "group": 1
    },
    {
      "id": "Category 16",
      "group": 1
    },
    {
      "id": "Category 17",
      "group": 1
    },
    {
      "id": "Category 18",
      "group": 1
    },
    {
      "id": "Category 19",
      "group": 1
    },
    {
      "id": "Category 20",
      "group": 1
    }
  ],
  "links": [
    {
      "source": "Category 1",
      "target": "Category 2",
      "value": 5440
    },
    {
      "source": "Category 1",
      "target": "Category 3",
      "value": 4088
    },
    {
      "source": "Category 1",
      "target": "Category 4",
      "value": 4589
    },
    {
      "source": "Category 1",
      "target": "Category 5",
      "value": 5721
    },
    {
      "source": "Category 1",
      "target": "Category 6",
      "value": 5060
    },
    {
      "source": "Category 1",
      "target": "Category 8",
      "value": 5748
    },
    {
      "source": "Category 1",
      "target": "Category 9",
      "value": 3967
    },
    {
      "source": "Category 1",
      "target": "Category 12",
      "value": 3716
    },
    {
      "source": "Category 1",
      "target": "Category 14",
      "value": 5468
    },
    {
      "source": "Category 1",
      "target": "Category 15",
      "value": 5217
    },
    {
      "source": "Category 1",
      "target": "Category 16",
      "value": 5582
    },
    {
      "source": "Category 1",
      "target": "Category 17",
      "value": 4878
    },
    {
      "source": "Category 1",
      "target": "Category 20",
      "value": 2497
    },
    {
      "source": "Category 2",
      "target": "Category 3",
      "value": 3987
    },
    {
      "source": "Category 2",
      "target": "Category 4",
      "value": 4458
    },
    {
      "source": "Category 2",
      "target": "Category 5",
      "value": 5442
    },
    {
      "source": "Category 2",
      "target": "Category 6",
      "value": 4813
    },
    {
      "source": "Category 2",
      "target": "Category 8",
      "value": 5466
    },
    {
      "source": "Category 2",
      "target": "Category 9",
      "value": 3913
    },
    {
      "source": "Category 2",
      "target": "Category 12",
      "value": 3617
    },
    {
      "source": "Category 2",
      "target": "Category 14",
      "value": 5233
    },
    {
      "source": "Category 2",
      "target": "Category 15",
      "value": 5030
    },
    {
      "source": "Category 2",
      "target": "Category 16",
      "value": 5315
    },
    {
      "source": "Category 2",
      "target": "Category 17",
      "value": 4674
    },
    {
      "source": "Category 2",
      "target": "Category 20",
      "value": 2386
    },
    {
      "source": "Category 3",
      "target": "Category 4",
      "value": 3940
    },
    {
      "source": "Category 3",
      "target": "Category 5",
      "value": 4139
    },
    {
      "source": "Category 3",
      "target": "Category 6",
      "value": 3715
    },
    {
      "source": "Category 3",
      "target": "Category 8",
      "value": 4139
    },
    {
      "source": "Category 3",
      "target": "Category 9",
      "value": 3139
    },
    {
      "source": "Category 3",
      "target": "Category 12",
      "value": 3142
    },
    {
      "source": "Category 3",
      "target": "Category 14",
      "value": 4006
    },
    {
      "source": "Category 3",
      "target": "Category 15",
      "value": 3854
    },
    {
      "source": "Category 3",
      "target": "Category 16",
      "value": 4020
    },
    {
      "source": "Category 3",
      "target": "Category 17",
      "value": 3615
    },
    {
      "source": "Category 3",
      "target": "Category 20",
      "value": 1790
    },
    {
      "source": "Category 4",
      "target": "Category 5",
      "value": 4631
    },
    {
      "source": "Category 4",
      "target": "Category 6",
      "value": 4157
    },
    {
      "source": "Category 4",
      "target": "Category 8",
      "value": 4637
    },
    {
      "source": "Category 4",
      "target": "Category 9",
      "value": 3544
    },
    {
      "source": "Category 4",
      "target": "Category 12",
      "value": 3380
    },
    {
      "source": "Category 4",
      "target": "Category 14",
      "value": 4477
    },
    {
      "source": "Category 4",
      "target": "Category 15",
      "value": 4278
    },
    {
      "source": "Category 4",
      "target": "Category 16",
      "value": 4495
    },
    {
      "source": "Category 4",
      "target": "Category 17",
      "value": 4033
    },
    {
      "source": "Category 4",
      "target": "Category 20",
      "value": 2022
    },
    {
      "source": "Category 5",
      "target": "Category 6",
      "value": 5082
    },
    {
      "source": "Category 5",
      "target": "Category 8",
      "value": 5819
    },
    {
      "source": "Category 5",
      "target": "Category 9",
      "value": 3972
    },
    {
      "source": "Category 5",
      "target": "Category 12",
      "value": 3756
    },
    {
      "source": "Category 5",
      "target": "Category 14",
      "value": 5540
    },
    {
      "source": "Category 5",
      "target": "Category 15",
      "value": 5234
    },
    {
      "source": "Category 5",
      "target": "Category 16",
      "value": 5634
    },
    {
      "source": "Category 5",
      "target": "Category 17",
      "value": 4905
    },
    {
      "source": "Category 5",
      "target": "Category 20",
      "value": 2529
    },
    {
      "source": "Category 6",
      "target": "Category 8",
      "value": 5109
    },
    {
      "source": "Category 6",
      "target": "Category 9",
      "value": 3650
    },
    {
      "source": "Category 6",
      "target": "Category 12",
      "value": 3423
    },
    {
      "source": "Category 6",
      "target": "Category 14",
      "value": 4906
    },
    {
      "source": "Category 6",
      "target": "Category 15",
      "value": 4677
    },
    {
      "source": "Category 6",
      "target": "Category 16",
      "value": 5008
    },
    {
      "source": "Category 6",
      "target": "Category 17",
      "value": 4452
    },
    {
      "source": "Category 6",
      "target": "Category 20",
      "value": 2218
    },
    {
      "source": "Category 8",
      "target": "Category 9",
      "value": 3979
    },
    {
      "source": "Category 8",
      "target": "Category 12",
      "value": 3755
    },
    {
      "source": "Category 8",
      "target": "Category 14",
      "value": 5558
    },
    {
      "source": "Category 8",
      "target": "Category 15",
      "value": 5254
    },
    {
      "source": "Category 8",
      "target": "Category 16",
      "value": 5662
    },
    {
      "source": "Category 8",
      "target": "Category 17",
      "value": 4937
    },
    {
      "source": "Category 8",
      "target": "Category 20",
      "value": 2544
    },
    {
      "source": "Category 9",
      "target": "Category 12",
      "value": 2915
    },
    {
      "source": "Category 9",
      "target": "Category 14",
      "value": 3869
    },
    {
      "source": "Category 9",
      "target": "Category 15",
      "value": 3770
    },
    {
      "source": "Category 9",
      "target": "Category 16",
      "value": 3903
    },
    {
      "source": "Category 9",
      "target": "Category 17",
      "value": 3559
    },
    {
      "source": "Category 9",
      "target": "Category 20",
      "value": 1768
    },
    {
      "source": "Category 12",
      "target": "Category 14",
      "value": 3664
    },
    {
      "source": "Category 12",
      "target": "Category 15",
      "value": 3501
    },
    {
      "source": "Category 12",
      "target": "Category 16",
      "value": 3658
    },
    {
      "source": "Category 12",
      "target": "Category 17",
      "value": 3394
    },
    {
      "source": "Category 12",
      "target": "Category 20",
      "value": 1650
    },
    {
      "source": "Category 14",
      "target": "Category 15",
      "value": 5016
    },
    {
      "source": "Category 14",
      "target": "Category 16",
      "value": 5392
    },
    {
      "source": "Category 14",
      "target": "Category 17",
      "value": 4785
    },
    {
      "source": "Category 14",
      "target": "Category 20",
      "value": 2429
    },
    {
      "source": "Category 15",
      "target": "Category 16",
      "value": 5141
    },
    {
      "source": "Category 15",
      "target": "Category 17",
      "value": 4503
    },
    {
      "source": "Category 15",
      "target": "Category 20",
      "value": 2277
    },
    {
      "source": "Category 16",
      "target": "Category 17",
      "value": 4812
    },
    {
      "source": "Category 16",
      "target": "Category 20",
      "value": 2473
    },
    {
      "source": "Category 17",
      "target": "Category 20",
      "value": 2163
    },
    {
      "source": "Category 1",
      "target": "Category 10",
      "value": 3266
    },
    {
      "source": "Category 1",
      "target": "Category 11",
      "value": 4580
    },
    {
      "source": "Category 1",
      "target": "Category 13",
      "value": 4316
    },
    {
      "source": "Category 1",
      "target": "Category 18",
      "value": 3063
    },
    {
      "source": "Category 2",
      "target": "Category 10",
      "value": 3174
    },
    {
      "source": "Category 2",
      "target": "Category 11",
      "value": 4435
    },
    {
      "source": "Category 2",
      "target": "Category 13",
      "value": 4174
    },
    {
      "source": "Category 2",
      "target": "Category 18",
      "value": 3019
    },
    {
      "source": "Category 5",
      "target": "Category 10",
      "value": 3277
    },
    {
      "source": "Category 5",
      "target": "Category 11",
      "value": 4602
    },
    {
      "source": "Category 5",
      "target": "Category 13",
      "value": 4352
    },
    {
      "source": "Category 5",
      "target": "Category 18",
      "value": 3076
    },
    {
      "source": "Category 6",
      "target": "Category 10",
      "value": 3163
    },
    {
      "source": "Category 6",
      "target": "Category 11",
      "value": 4166
    },
    {
      "source": "Category 6",
      "target": "Category 13",
      "value": 4065
    },
    {
      "source": "Category 6",
      "target": "Category 18",
      "value": 2915
    },
    {
      "source": "Category 8",
      "target": "Category 10",
      "value": 3299
    },
    {
      "source": "Category 8",
      "target": "Category 11",
      "value": 4608
    },
    {
      "source": "Category 8",
      "target": "Category 13",
      "value": 4371
    },
    {
      "source": "Category 8",
      "target": "Category 18",
      "value": 3076
    },
    {
      "source": "Category 9",
      "target": "Category 10",
      "value": 2537
    },
    {
      "source": "Category 9",
      "target": "Category 11",
      "value": 3433
    },
    {
      "source": "Category 9",
      "target": "Category 13",
      "value": 3230
    },
    {
      "source": "Category 9",
      "target": "Category 18",
      "value": 2528
    },
    {
      "source": "Category 10",
      "target": "Category 11",
      "value": 2864
    },
    {
      "source": "Category 10",
      "target": "Category 13",
      "value": 3048
    },
    {
      "source": "Category 10",
      "target": "Category 14",
      "value": 3213
    },
    {
      "source": "Category 10",
      "target": "Category 15",
      "value": 3105
    },
    {
      "source": "Category 10",
      "target": "Category 16",
      "value": 3278
    },
    {
      "source": "Category 10",
      "target": "Category 17",
      "value": 3013
    },
    {
      "source": "Category 10",
      "target": "Category 18",
      "value": 2161
    },
    {
      "source": "Category 10",
      "target": "Category 20",
      "value": 1425
    },
    {
      "source": "Category 11",
      "target": "Category 13",
      "value": 3719
    },
    {
      "source": "Category 11",
      "target": "Category 14",
      "value": 4431
    },
    {
      "source": "Category 11",
      "target": "Category 15",
      "value": 4402
    },
    {
      "source": "Category 11",
      "target": "Category 16",
      "value": 4543
    },
    {
      "source": "Category 11",
      "target": "Category 17",
      "value": 4008
    },
    {
      "source": "Category 11",
      "target": "Category 18",
      "value": 2732
    },
    {
      "source": "Category 11",
      "target": "Category 20",
      "value": 1984
    },
    {
      "source": "Category 13",
      "target": "Category 14",
      "value": 4235
    },
    {
      "source": "Category 13",
      "target": "Category 15",
      "value": 4070
    },
    {
      "source": "Category 13",
      "target": "Category 16",
      "value": 4325
    },
    {
      "source": "Category 13",
      "target": "Category 17",
      "value": 3882
    },
    {
      "source": "Category 13",
      "target": "Category 18",
      "value": 2635
    },
    {
      "source": "Category 13",
      "target": "Category 20",
      "value": 1890
    },
    {
      "source": "Category 14",
      "target": "Category 18",
      "value": 3017
    },
    {
      "source": "Category 15",
      "target": "Category 18",
      "value": 2958
    },
    {
      "source": "Category 16",
      "target": "Category 18",
      "value": 3023
    },
    {
      "source": "Category 17",
      "target": "Category 18",
      "value": 2868
    },
    {
      "source": "Category 18",
      "target": "Category 20",
      "value": 1336
    },
    {
      "source": "Category 3",
      "target": "Category 11",
      "value": 3505
    },
    {
      "source": "Category 3",
      "target": "Category 18",
      "value": 2505
    },
    {
      "source": "Category 4",
      "target": "Category 11",
      "value": 3847
    },
    {
      "source": "Category 4",
      "target": "Category 18",
      "value": 2723
    },
    {
      "source": "Category 1",
      "target": "Category 7",
      "value": 1639
    },
    {
      "source": "Category 2",
      "target": "Category 7",
      "value": 1594
    },
    {
      "source": "Category 3",
      "target": "Category 7",
      "value": 1409
    },
    {
      "source": "Category 3",
      "target": "Category 10",
      "value": 2644
    },
    {
      "source": "Category 3",
      "target": "Category 13",
      "value": 3299
    },
    {
      "source": "Category 4",
      "target": "Category 7",
      "value": 1500
    },
    {
      "source": "Category 4",
      "target": "Category 10",
      "value": 2825
    },
    {
      "source": "Category 4",
      "target": "Category 13",
      "value": 3630
    },
    {
      "source": "Category 5",
      "target": "Category 7",
      "value": 1655
    },
    {
      "source": "Category 6",
      "target": "Category 7",
      "value": 1600
    },
    {
      "source": "Category 7",
      "target": "Category 8",
      "value": 1660
    },
    {
      "source": "Category 7",
      "target": "Category 10",
      "value": 1314
    },
    {
      "source": "Category 7",
      "target": "Category 11",
      "value": 1476
    },
    {
      "source": "Category 7",
      "target": "Category 12",
      "value": 1350
    },
    {
      "source": "Category 7",
      "target": "Category 13",
      "value": 1469
    },
    {
      "source": "Category 7",
      "target": "Category 14",
      "value": 1632
    },
    {
      "source": "Category 7",
      "target": "Category 15",
      "value": 1562
    },
    {
      "source": "Category 7",
      "target": "Category 16",
      "value": 1632
    },
    {
      "source": "Category 7",
      "target": "Category 17",
      "value": 1566
    },
    {
      "source": "Category 10",
      "target": "Category 12",
      "value": 2461
    },
    {
      "source": "Category 11",
      "target": "Category 12",
      "value": 3255
    },
    {
      "source": "Category 12",
      "target": "Category 13",
      "value": 3107
    },
    {
      "source": "Category 12",
      "target": "Category 18",
      "value": 2410
    },
    {
      "source": "Category 1",
      "target": "Category 19",
      "value": 1570
    },
    {
      "source": "Category 2",
      "target": "Category 19",
      "value": 1486
    },
    {
      "source": "Category 3",
      "target": "Category 19",
      "value": 1124
    },
    {
      "source": "Category 5",
      "target": "Category 19",
      "value": 1593
    },
    {
      "source": "Category 6",
      "target": "Category 19",
      "value": 1406
    },
    {
      "source": "Category 8",
      "target": "Category 19",
      "value": 1598
    },
    {
      "source": "Category 11",
      "target": "Category 19",
      "value": 1273
    },
    {
      "source": "Category 12",
      "target": "Category 19",
      "value": 1013
    },
    {
      "source": "Category 13",
      "target": "Category 19",
      "value": 1208
    },
    {
      "source": "Category 14",
      "target": "Category 19",
      "value": 1504
    },
    {
      "source": "Category 15",
      "target": "Category 19",
      "value": 1430
    },
    {
      "source": "Category 16",
      "target": "Category 19",
      "value": 1536
    },
    {
      "source": "Category 17",
      "target": "Category 19",
      "value": 1335
    },
    {
      "source": "Category 7",
      "target": "Category 9",
      "value": 1317
    },
    {
      "source": "Category 7",
      "target": "Category 20",
      "value": 710
    },
    {
      "source": "Category 4",
      "target": "Category 19",
      "value": 1254
    },
    {
      "source": "Category 7",
      "target": "Category 18",
      "value": 1177
    },
    {
      "source": "Category 7",
      "target": "Category 19",
      "value": 449
    },
    {
      "source": "Category 9",
      "target": "Category 19",
      "value": 1069
    },
    {
      "source": "Category 10",
      "target": "Category 19",
      "value": 885
    },
    {
      "source": "Category 18",
      "target": "Category 19",
      "value": 839
    }
  ]
}